event,main25_kyr_b2k,all34_kyr_b2k
GI-1e,14.692,14.692
GI-2.1,,23.02
GI-2.2,23.34,23.34
GI-3,27.78,27.78
GI-4,28.9,28.9
GI-5.1,,30.84
GI-5.2,32.5,32.5
GI-6,33.74,33.74
GI-7c,35.48,35.48
GI-8c,38.22,38.22
GI-9,40.16,40.16
GI-10,41.46,41.46
GI-11,43.34,43.34
GI-12c,46.86,46.86
GI-13c,49.28,49.28
GI-14e,54.22,54.22
GI-15.1,,55.0
GI-15.2,55.8,55.8
GI-16.1c,58.04,58.04
GI-16.2,,58.28
GI-17.1c,,59.08
GI-17.2,59.44,59.44
GI-18,64.1,64.1
GI-19.1,,69.62
GI-19.2,72.34,72.34
GI-20c,76.44,76.44
GI-21.1e,84.76,84.76
GI-21.2,,85.06
GI-22g,90.04,90.04
GI-23.1,104.04,104.04
GI-23.2,,104.52
GI-24.1c,,106.75
GI-24.2,108.28,108.28
GI-25c,115.37,115.37
